Pixel,Coord,True,Sig,SHAP_R,SHAP,P_Value,P_Adj,-log10(p),SiTe_Score,SiTe_R
0,"(0,0)",,***,134,0.1684,0.00e+00,0.00e+00,10.0000,6.7926,1
1,"(0,1)",,***,22,0.1826,0.00e+00,0.00e+00,10.0000,6.4719,2
2,"(0,2)",,***,295,0.1623,2.73e-11,7.13e-09,9.8953,1.8907,3
3,"(0,3)",,***,783,0.1365,1.36e-08,2.66e-06,7.8640,1.2398,4
4,"(0,4)",,***,173,0.1665,1.95e-07,3.06e-05,6.7087,1.0273,5
5,"(0,5)",,***,645,0.1517,4.04e-05,0.0045,4.3941,0.6583,6
6,"(0,6)",,***,625,0.1524,1.70e-05,0.0022,4.7699,0.5586,7
7,"(0,7)",,***,397,0.1593,8.24e-05,0.0081,4.0841,0.4159,8
8,"(0,8)",,***,732,0.1474,1.80e-04,0.0157,3.7440,0.3626,9
9,"(0,9)",,,182,0.1661,0.0084,0.4116,2.0757,0.0979,10
10,"(0,10)",,,459,0.1579,0.0063,0.3687,2.1975,0.0808,11
11,"(0,11)",,,270,0.1632,0.0057,0.3687,2.2440,0.0795,12
12,"(0,12)",,,269,0.1632,0.0053,0.3687,2.2762,0.0791,13
13,"(0,13)",,,389,0.1595,0.0072,0.3745,2.1448,0.0791,14
14,"(0,14)",,,158,0.1670,0.0048,0.3687,2.3178,0.0786,15
15,"(0,15)",,,121,0.1691,0.0066,0.3687,2.1815,0.0771,16
16,"(0,16)",,,602,0.1531,0.0102,0.4314,1.9899,0.0685,17
17,"(0,17)",,,480,0.1570,0.0110,0.4314,1.9584,0.0679,18
18,"(0,18)",,,634,0.1519,0.0108,0.4314,1.9659,0.0657,19
19,"(0,19)",,,756,0.1437,0.0116,0.4330,1.9356,0.0655,20
20,"(0,20)",,,422,0.1588,0.0096,0.4314,2.0182,0.0649,21
21,"(0,21)",,,628,0.1521,0.0130,0.4619,1.8873,0.0605,22
22,"(0,22)",,,526,0.1556,0.0169,0.5757,1.7724,0.0431,23
23,"(0,23)",,,60,0.1737,0.0193,0.6292,1.7153,0.0349,24
24,"(0,24)",,,678,0.1502,0.0231,0.6892,1.6362,0.0289,25
25,"(0,25)",,,319,0.1614,0.0233,0.6892,1.6326,0.0288,26
26,"(0,26)",,,525,0.1556,0.0237,0.6892,1.6246,0.0286,27
27,"(0,27)",,,46,0.1761,0.0258,0.6970,1.5887,0.0276,28
28,"(1,0)",,,289,0.1627,0.0250,0.6970,1.6026,0.0275,29
29,"(1,1)",,,163,0.1669,0.0282,0.7378,1.5492,0.0241,30
30,"(1,2)",,,420,0.1588,0.0331,0.8376,1.4799,0.0137,31
31,"(1,3)",,,195,0.1656,0.0366,0.8418,1.4364,0.0133,32
32,"(1,4)",,,337,0.1610,0.0379,0.8418,1.4219,0.0133,33
33,"(1,5)",,,597,0.1535,0.0368,0.8418,1.4338,0.0131,34
34,"(1,6)",,,220,0.1647,0.0374,0.8418,1.4273,0.0131,35
35,"(1,7)",,,659,0.1511,0.0387,0.8418,1.4128,0.0128,36
36,"(1,8)",,,731,0.1475,0.0399,0.8449,1.3993,0.0127,37
37,"(1,9)",,,412,0.1589,0.0424,0.8639,1.3725,0.0113,38
38,"(1,10)",,,430,0.1587,0.0442,0.8661,1.3547,0.0111,39
39,"(1,11)",,,272,0.1631,0.0430,0.8639,1.3668,0.0110,40
40,"(1,12)",,,385,0.1597,0.0494,0.8693,1.3065,0.0108,41
41,"(1,13)",,,775,0.1402,0.0504,0.8693,1.2975,0.0108,42
42,"(1,14)",,,455,0.1581,0.0470,0.8693,1.3279,0.0107,43
43,"(1,15)",,,73,0.1721,0.0519,0.8693,1.2847,0.0106,44
44,"(1,16)",,,308,0.1618,0.0458,0.8693,1.3393,0.0105,45
45,"(1,17)",,,146,0.1676,0.0532,0.8693,1.2739,0.0105,46
46,"(1,18)",,,142,0.1678,0.0513,0.8693,1.2897,0.0104,47
47,"(1,19)",,,546,0.1552,0.0523,0.8693,1.2819,0.0104,48
48,"(1,20)",,,87,0.1707,0.0573,0.8809,1.2418,0.0097,49
49,"(1,21)",,,234,0.1642,0.0572,0.8809,1.2429,0.0096,50
50,"(1,22)",,,766,0.1424,0.0558,0.8809,1.2530,0.0096,51
51,"(1,23)",,,127,0.1686,0.0596,0.8855,1.2245,0.0093,52
52,"(1,24)",,,122,0.1691,0.0599,0.8855,1.2228,0.0092,53
53,"(1,25)",,,656,0.1513,0.0643,0.9340,1.1916,0.0051,54
54,"(1,26)",,,139,0.1679,0.0663,0.9448,1.1786,0.0042,55
55,"(1,27)",,,386,0.1596,0.0675,0.9455,1.1704,0.0041,56
56,"(2,0)",,,261,0.1634,0.1459,0.9694,0.8359,0.0035,57
57,"(2,1)",,,591,0.1536,0.1594,0.9694,0.7975,0.0030,58
58,"(2,2)",,,432,0.1586,0.1254,0.9694,0.9018,0.0030,59
59,"(2,3)",,,365,0.1604,0.1595,0.9694,0.7973,0.0026,60
60,"(2,4)",,,588,0.1537,0.1016,0.9694,0.9929,0.0024,61
61,"(2,5)",,,248,0.1638,0.1325,0.9694,0.8779,0.0024,62
62,"(2,6)",,,358,0.1606,0.1389,0.9694,0.8572,0.0024,63
63,"(2,7)",,,573,0.1542,0.1284,0.9694,0.8915,0.0024,64
64,"(2,8)",,,538,0.1554,0.0774,0.9694,1.1110,0.0024,65
65,"(2,9)",,,425,0.1588,0.1532,0.9694,0.8146,0.0023,66
66,"(2,10)",,,603,0.1531,0.0864,0.9694,1.0634,0.0023,67
67,"(2,11)",,,320,0.1614,0.1096,0.9694,0.9601,0.0023,68
68,"(2,12)",,,136,0.1681,0.0832,0.9694,1.0801,0.0023,69
69,"(2,13)",,,404,0.1591,0.0850,0.9694,1.0703,0.0023,70
70,"(2,14)",,,340,0.1609,0.1090,0.9694,0.9624,0.0023,71
71,"(2,15)",,,252,0.1637,0.1294,0.9694,0.8882,0.0023,72
72,"(2,16)",,,75,0.1720,0.0766,0.9694,1.1156,0.0023,73
73,"(2,17)",,,403,0.1591,0.1468,0.9694,0.8332,0.0023,74
74,"(2,18)",,,181,0.1661,0.1366,0.9694,0.8645,0.0023,75
75,"(2,19)",,,601,0.1532,0.1250,0.9694,0.9031,0.0023,76
76,"(2,20)",,,67,0.1730,0.0890,0.9694,1.0506,0.0023,77
77,"(2,21)",,,58,0.1740,0.1005,0.9694,0.9977,0.0023,78
78,"(2,22)",,,461,0.1578,0.1505,0.9694,0.8224,0.0023,79
79,"(2,23)",,,444,0.1582,0.1388,0.9694,0.8576,0.0023,80
80,"(2,24)",,,113,0.1696,0.1042,0.9694,0.9820,0.0023,81
81,"(2,25)",,,580,0.1540,0.0927,0.9694,1.0328,0.0023,82
82,"(2,26)",,,371,0.1601,0.1709,0.9694,0.7673,0.0023,83
83,"(2,27)",,,292,0.1626,0.1352,0.9694,0.8689,0.0023,84
84,"(3,0)",,,721,0.1485,0.0882,0.9694,1.0548,0.0023,85
85,"(3,1)",,,260,0.1634,0.1733,0.9694,0.7611,0.0023,86
86,"(3,2)",,,549,0.1551,0.1663,0.9694,0.7791,0.0023,87
87,"(3,3)",,,713,0.1489,0.0781,0.9694,1.1072,0.0023,88
88,"(3,4)",,,654,0.1514,0.1537,0.9694,0.8133,0.0023,89
89,"(3,5)",,,495,0.1566,0.1756,0.9694,0.7555,0.0023,90
90,"(3,6)",,,413,0.1589,0.0860,0.9694,1.0656,0.0023,91
91,"(3,7)",,,100,0.1701,0.1686,0.9694,0.7732,0.0023,92
92,"(3,8)",,,454,0.1581,0.1296,0.9694,0.8873,0.0023,93
93,"(3,9)",,,408,0.1591,0.1184,0.9694,0.9265,0.0023,94
94,"(3,10)",,,287,0.1627,0.0865,0.9694,1.0629,0.0023,95
95,"(3,11)",,,474,0.1573,0.1647,0.9694,0.7834,0.0023,96
96,"(3,12)",,,605,0.1531,0.0769,0.9694,1.1141,0.0023,97
97,"(3,13)",,,696,0.1495,0.1348,0.9694,0.8704,0.0023,98
98,"(3,14)",,,442,0.1583,0.1180,0.9694,0.9281,0.0023,99
99,"(3,15)",,,293,0.1625,0.1698,0.9694,0.7702,0.0023,100
100,"(3,16)",,,229,0.1643,0.0917,0.9694,1.0379,0.0023,101
101,"(3,17)",,,65,0.1732,0.1281,0.9694,0.8924,0.0023,102
102,"(3,18)",,,663,0.1509,0.1358,0.9694,0.8672,0.0023,103
103,"(3,19)",,,103,0.1699,0.1311,0.9694,0.8825,0.0023,104
104,"(3,20)",,,392,0.1594,0.1059,0.9694,0.9750,0.0023,105
105,"(3,21)",,,650,0.1516,0.1295,0.9694,0.8878,0.0023,106
106,"(3,22)",,,59,0.1739,0.1387,0.9694,0.8580,0.0023,107
107,"(3,23)",,,764,0.1428,0.0747,0.9694,1.1266,0.0023,108
108,"(3,24)",,,556,0.1549,0.1468,0.9694,0.8334,0.0023,109
109,"(3,25)",,,205,0.1651,0.1051,0.9694,0.9785,0.0023,110
110,"(3,26)",,,357,0.1606,0.1421,0.9694,0.8475,0.0023,111
111,"(3,27)",,,329,0.1613,0.1342,0.9694,0.8724,0.0023,112
112,"(4,0)",,,246,0.1639,0.1058,0.9694,0.9757,0.0023,113
113,"(4,1)",,,273,0.1631,0.1543,0.9694,0.8117,0.0023,114
114,"(4,2)",,,636,0.1519,0.1659,0.9694,0.7801,0.0023,115
115,"(4,3)",,,725,0.1481,0.1598,0.9694,0.7963,0.0023,116
116,"(4,4)",,,187,0.1660,0.1666,0.9694,0.7783,0.0022,117
117,"(4,5)",,,719,0.1487,0.1166,0.9694,0.9334,0.0022,118
118,"(4,6)",,,49,0.1754,0.1640,0.9694,0.7852,0.0022,119
119,"(4,7)",,,10,0.2208,0.1744,0.9694,0.7585,0.0022,120
120,"(4,8)",,,81,0.1712,0.1600,0.9694,0.7959,0.0022,121
121,"(4,9)",,,145,0.1677,0.1301,0.9694,0.8858,0.0022,122
122,"(4,10)",,,651,0.1516,0.1104,0.9694,0.9571,0.0022,123
123,"(4,11)",,,360,0.1605,0.1585,0.9694,0.8000,0.0022,124
124,"(4,12)",,,402,0.1591,0.1534,0.9694,0.8142,0.0022,125
125,"(4,13)",,,40,0.1773,0.0751,0.9694,1.1246,0.0022,126
126,"(4,14)",,,758,0.1436,0.1184,0.9694,0.9265,0.0022,127
127,"(4,15)",,,682,0.1501,0.1741,0.9694,0.7591,0.0022,128
128,"(4,16)",,,349,0.1607,0.1423,0.9694,0.8468,0.0022,129
129,"(4,17)",,,548,0.1551,0.1515,0.9694,0.8196,0.0022,130
130,"(4,18)",,,730,0.1476,0.1282,0.9694,0.8920,0.0022,131
131,"(4,19)",,,282,0.1628,0.1384,0.9694,0.8589,0.0022,132
132,"(4,20)",,,280,0.1629,0.1669,0.9694,0.7777,0.0022,133
133,"(4,21)",,,5,0.2540,0.1478,0.9694,0.8304,0.0022,134
134,"(4,22)",,,368,0.1602,0.1626,0.9694,0.7889,0.0022,135
135,"(4,23)",,,379,0.1598,0.1513,0.9694,0.8201,0.0022,136
136,"(4,24)",,,544,0.1552,0.1314,0.9694,0.8814,0.0022,137
137,"(4,25)",,,277,0.1630,0.1626,0.9694,0.7889,0.0022,138
138,"(4,26)",,,575,0.1541,0.1349,0.9694,0.8700,0.0022,139
139,"(4,27)",,,44,0.1762,0.1718,0.9694,0.7649,0.0022,140
140,"(5,0)",,,178,0.1662,0.1494,0.9694,0.8258,0.0022,141
141,"(5,1)",,,230,0.1643,0.1674,0.9694,0.7762,0.0022,142
142,"(5,2)",,,482,0.1569,0.1783,0.9706,0.7489,0.0021,143
143,"(5,3)",,,757,0.1436,0.1779,0.9706,0.7499,0.0021,144
144,"(5,4)",,,359,0.1605,0.2656,0.9993,0.5757,0.0001,145
145,"(5,5)",,,468,0.1576,0.3257,0.9993,0.4872,0.0001,146
146,"(5,6)",,,586,0.1537,0.3600,0.9993,0.4437,0.0001,147
147,"(5,7)",,,473,0.1573,0.2675,0.9993,0.5727,0.0001,148
148,"(5,8)",,,367,0.1603,0.5764,0.9993,0.2393,0.0001,149
149,"(5,9)",,,373,0.1601,0.1959,0.9993,0.7080,0.0001,150
150,"(5,10)",[T],,568,0.1543,0.2668,0.9993,0.5737,0.0001,151
151,"(5,11)",[T],,740,0.1463,0.2933,0.9993,0.5326,0.0001,152
152,"(5,12)",[T],,259,0.1635,0.2291,0.9993,0.6399,0.0001,153
153,"(5,13)",,,518,0.1558,0.1896,0.9993,0.7221,0.0001,154
154,"(5,14)",,,698,0.1494,0.2534,0.9993,0.5962,0.0001,155
155,"(5,15)",,,592,0.1536,0.2139,0.9993,0.6698,0.0001,156
156,"(5,16)",,,148,0.1675,0.2456,0.9993,0.6097,0.0001,157
157,"(5,17)",,,533,0.1555,0.2352,0.9993,0.6285,0.0001,158
158,"(5,18)",,,610,0.1529,0.2768,0.9993,0.5578,0.0001,159
159,"(5,19)",,,574,0.1541,0.3174,0.9993,0.4984,0.0001,160
160,"(5,20)",,,750,0.1452,0.2493,0.9993,0.6033,0.0001,161
161,"(5,21)",,,276,0.1631,0.2763,0.9993,0.5587,0.0001,162
162,"(5,22)",,,286,0.1627,0.3514,0.9993,0.4542,0.0001,163
163,"(5,23)",,,83,0.1709,0.2051,0.9993,0.6881,0.0001,164
164,"(5,24)",,,304,0.1619,0.3972,0.9993,0.4010,0.0001,165
165,"(5,25)",,,125,0.1688,0.2973,0.9993,0.5268,0.0001,166
166,"(5,26)",,,769,0.1415,0.3697,0.9993,0.4322,0.0001,167
167,"(5,27)",,,191,0.1657,0.4463,0.9993,0.3504,0.0001,168
168,"(6,0)",,,491,0.1567,0.2218,0.9993,0.6540,0.0001,169
169,"(6,1)",,,779,0.1382,0.2908,0.9993,0.5364,0.0001,170
170,"(6,2)",,,200,0.1654,0.6793,0.9993,0.1679,0.0001,171
171,"(6,3)",,,185,0.1660,0.3305,0.9993,0.4809,0.0001,172
172,"(6,4)",,,702,0.1493,0.1901,0.9993,0.7211,0.0001,173
173,"(6,5)",,,350,0.1607,0.2541,0.9993,0.5950,0.0001,174
174,"(6,6)",,,710,0.1490,0.2467,0.9993,0.6078,0.0001,175
175,"(6,7)",,,617,0.1527,0.2007,0.9993,0.6975,0.0001,176
176,"(6,8)",,,487,0.1568,0.2919,0.9993,0.5347,0.0001,177
177,"(6,9)",[T],,501,0.1564,0.3053,0.9993,0.5153,0.0001,178
178,"(6,10)",[T],,138,0.1679,0.1885,0.9993,0.7246,0.0001,179
179,"(6,11)",,,344,0.1609,0.3521,0.9993,0.4533,0.0001,180
180,"(6,12)",,,596,0.1535,0.2488,0.9993,0.6042,0.0001,181
181,"(6,13)",,,492,0.1566,0.2763,0.9993,0.5587,0.0001,182
182,"(6,14)",,,38,0.1776,0.3059,0.9993,0.5144,0.0001,183
183,"(6,15)",,,593,0.1536,0.2857,0.9993,0.5442,0.0001,184
184,"(6,16)",,,231,0.1643,0.3045,0.9993,0.5164,0.0001,185
185,"(6,17)",,,245,0.1640,0.2054,0.9993,0.6873,0.0001,186
186,"(6,18)",,,30,0.1797,0.2352,0.9993,0.6285,0.0001,187
187,"(6,19)",,,570,0.1543,0.2282,0.9993,0.6417,0.0001,188
188,"(6,20)",,,251,0.1637,0.2532,0.9993,0.5966,0.0001,189
189,"(6,21)",,,305,0.1619,0.1860,0.9993,0.7304,0.0001,190
190,"(6,22)",,,268,0.1632,0.2366,0.9993,0.6260,0.0001,191
191,"(6,23)",,,508,0.1563,0.2278,0.9993,0.6424,0.0001,192
192,"(6,24)",,,668,0.1507,0.2516,0.9993,0.5993,0.0001,193
193,"(6,25)",,,128,0.1686,0.2491,0.9993,0.6036,0.0001,194
194,"(6,26)",,,388,0.1595,0.2414,0.9993,0.6172,0.0001,195
195,"(6,27)",,,553,0.1549,0.3906,0.9993,0.4083,0.0001,196
196,"(7,0)",,,31,0.1786,0.2279,0.9993,0.6423,0.0001,197
197,"(7,1)",,,294,0.1623,0.3852,0.9993,0.4143,0.0001,198
198,"(7,2)",,,478,0.1571,0.3508,0.9993,0.4549,0.0001,199
199,"(7,3)",,,274,0.1631,0.3596,0.9993,0.4442,0.0001,200
200,"(7,4)",,,151,0.1675,0.3511,0.9993,0.4546,0.0001,201
201,"(7,5)",,,85,0.1708,0.4897,0.9993,0.3101,0.0001,202
202,"(7,6)",,,726,0.1479,0.3043,0.9993,0.5167,0.0001,203
203,"(7,7)",,,745,0.1458,0.3684,0.9993,0.4337,0.0001,204
204,"(7,8)",,,155,0.1672,0.2726,0.9993,0.5644,0.0001,205
205,"(7,9)",,,78,0.1714,0.4299,0.9993,0.3666,0.0001,206
206,"(7,10)",,,77,0.1716,0.4738,0.9993,0.3244,0.0001,207
207,"(7,11)",,,416,0.1589,0.5030,0.9993,0.2984,0.0001,208
208,"(7,12)",,,376,0.1600,0.3301,0.9993,0.4813,0.0001,209
209,"(7,13)",,,440,0.1584,0.2656,0.9993,0.5757,0.0001,210
210,"(7,14)",,,630,0.1520,0.4282,0.9993,0.3683,0.0001,211
211,"(7,15)",,,589,0.1537,0.2102,0.9993,0.6774,0.0001,212
212,"(7,16)",,,773,0.1405,0.3121,0.9993,0.5057,0.0001,213
213,"(7,17)",,,152,0.1673,0.2159,0.9993,0.6657,0.0001,214
214,"(7,18)",,,193,0.1657,0.3392,0.9993,0.4695,0.0001,215
215,"(7,19)",,,641,0.1518,0.5296,0.9993,0.2760,0.0001,216
216,"(7,20)",,,377,0.1599,0.2886,0.9993,0.5397,0.0001,217
217,"(7,21)",,,42,0.1770,0.5409,0.9993,0.2669,0.0001,218
218,"(7,22)",,,335,0.1610,0.2593,0.9993,0.5862,0.0001,219
219,"(7,23)",,,179,0.1662,0.3790,0.9993,0.4213,0.0001,220
220,"(7,24)",,,94,0.1704,0.3578,0.9993,0.4463,0.0001,221
221,"(7,25)",,,197,0.1656,0.3108,0.9993,0.5076,0.0001,222
222,"(7,26)",,,262,0.1634,0.2519,0.9993,0.5988,0.0001,223
223,"(7,27)",,,227,0.1645,0.4083,0.9993,0.3890,0.0001,224
224,"(8,0)",,,555,0.1549,0.2803,0.9993,0.5524,0.0001,225
225,"(8,1)",,,469,0.1575,0.4099,0.9993,0.3873,0.0001,226
226,"(8,2)",,,705,0.1492,0.3672,0.9993,0.4351,0.0001,227
227,"(8,3)",,,278,0.1630,0.1947,0.9993,0.7107,0.0001,228
228,"(8,4)",,,33,0.1784,0.3577,0.9993,0.4465,0.0001,229
229,"(8,5)",,,296,0.1622,0.3236,0.9993,0.4900,0.0001,230
230,"(8,6)",,,449,0.1582,0.2042,0.9993,0.6899,0.0001,231
231,"(8,7)",,,380,0.1598,0.3475,0.9993,0.4591,0.0001,232
232,"(8,8)",,,327,0.1613,0.2652,0.9993,0.5764,0.0001,233
233,"(8,9)",,,303,0.1619,0.4221,0.9993,0.3746,0.0001,234
234,"(8,10)",,,490,0.1567,0.2533,0.9993,0.5964,0.0001,235
235,"(8,11)",,,352,0.1607,0.3833,0.9993,0.4165,0.0001,236
236,"(8,12)",,,720,0.1486,0.3326,0.9993,0.4781,0.0001,237
237,"(8,13)",,,32,0.1785,0.2130,0.9993,0.6716,0.0001,238
238,"(8,14)",,,206,0.1651,0.3397,0.9993,0.4689,0.0001,239
239,"(8,15)",,,265,0.1633,0.4192,0.9993,0.3776,0.0001,240
240,"(8,16)",,,542,0.1553,0.1936,0.9993,0.7132,0.0001,241
241,"(8,17)",,,638,0.1519,0.4542,0.9993,0.3427,0.0001,242
242,"(8,18)",,,718,0.1487,0.4197,0.9993,0.3771,0.0001,243
243,"(8,19)",,,452,0.1582,0.2477,0.9993,0.6061,0.0001,244
244,"(8,20)",,,662,0.1509,0.4690,0.9993,0.3288,0.0001,245
245,"(8,21)",,,164,0.1668,0.2883,0.9993,0.5401,0.0001,246
246,"(8,22)",,,37,0.1777,0.2236,0.9993,0.6506,0.0001,247
247,"(8,23)",,,765,0.1427,0.3536,0.9993,0.4515,0.0001,248
248,"(8,24)",,,283,0.1628,0.2872,0.9993,0.5417,0.0001,249
249,"(8,25)",,,528,0.1555,0.2639,0.9993,0.5786,0.0001,250
250,"(8,26)",,,153,0.1673,0.2204,0.9993,0.6568,0.0001,251
251,"(8,27)",,,55,0.1745,0.4483,0.9993,0.3484,0.0001,252
252,"(9,0)",,,255,0.1636,0.3751,0.9993,0.4259,0.0001,253
253,"(9,1)",,,464,0.1578,0.4895,0.9993,0.3102,0.0001,254
254,"(9,2)",,,356,0.1606,0.4752,0.9993,0.3231,0.0001,255
255,"(9,3)",,,249,0.1638,0.4880,0.9993,0.3115,0.0001,256
256,"(9,4)",,,363,0.1604,0.2419,0.9993,0.6163,0.0001,257
257,"(9,5)",,,701,0.1493,0.3713,0.9993,0.4303,0.0001,258
258,"(9,6)",,,622,0.1524,0.3036,0.9993,0.5176,0.0001,259
259,"(9,7)",,,457,0.1579,0.5568,0.9993,0.2543,0.0001,260
260,"(9,8)",,,762,0.1433,0.4478,0.9993,0.3489,0.0001,261
261,"(9,9)",,,109,0.1697,0.5092,0.9993,0.2931,0.0001,262
262,"(9,10)",[T],,68,0.1729,0.5594,0.9993,0.2523,0.0001,263
263,"(9,11)",[T],,208,0.1651,0.2607,0.9993,0.5838,0.0001,264
264,"(9,12)",[T],,665,0.1508,0.2410,0.9993,0.6179,0.0001,265
265,"(9,13)",,,488,0.1568,0.4980,0.9993,0.3028,0.0001,266
266,"(9,14)",,,707,0.1492,0.5243,0.9993,0.2804,0.0001,267
267,"(9,15)",,,741,0.1463,0.3685,0.9993,0.4336,0.0001,268
268,"(9,16)",,,140,0.1678,0.4325,0.9993,0.3640,0.0001,269
269,"(9,17)",,,341,0.1609,0.2539,0.9993,0.5954,0.0001,270
270,"(9,18)",,,426,0.1588,0.5802,0.9993,0.2364,0.0001,271
271,"(9,19)",,,209,0.1650,0.1954,0.9993,0.7091,0.0001,272
272,"(9,20)",,,212,0.1649,0.4638,0.9993,0.3337,0.0001,273
273,"(9,21)",,,709,0.1491,0.2351,0.9993,0.6287,0.0001,274
274,"(9,22)",,,498,0.1565,0.3680,0.9993,0.4341,0.0001,275
275,"(9,23)",,,738,0.1464,0.4796,0.9993,0.3192,0.0001,276
276,"(9,24)",,,735,0.1470,0.3008,0.9993,0.5217,0.0001,277
277,"(9,25)",,,578,0.1541,0.5135,0.9993,0.2895,0.0001,278
278,"(9,26)",,,642,0.1518,0.3662,0.9993,0.4362,0.0001,279
279,"(9,27)",,,25,0.1814,0.3368,0.9993,0.4726,0.0001,280
280,"(10,0)",,,345,0.1609,0.4975,0.9993,0.3032,0.0001,281
281,"(10,1)",,,351,0.1607,0.3833,0.9993,0.4165,0.0001,282
282,"(10,2)",,,189,0.1658,0.5372,0.9993,0.2699,0.0001,283
283,"(10,3)",,,606,0.1530,0.3187,0.9993,0.4967,0.0001,284
284,"(10,4)",,,372,0.1601,0.2181,0.9993,0.6613,0.0001,285
285,"(10,5)",,,321,0.1614,0.4712,0.9993,0.3268,0.0001,286
286,"(10,6)",,,712,0.1489,0.6631,0.9993,0.1784,0.0001,287
287,"(10,7)",,,523,0.1557,0.2976,0.9993,0.5264,0.0001,288
288,"(10,8)",,,370,0.1602,0.3429,0.9993,0.4649,0.0001,289
289,"(10,9)",[T],,258,0.1635,0.4715,0.9993,0.3265,0.0001,290
290,"(10,10)",[T],,557,0.1549,0.3829,0.9993,0.4169,0.0001,291
291,"(10,11)",[T],,14,0.2010,0.4230,0.9993,0.3737,0.0001,292
292,"(10,12)",,,515,0.1558,0.3660,0.9993,0.4365,0.0001,293
293,"(10,13)",,,226,0.1645,0.3779,0.9993,0.4226,0.0001,294
294,"(10,14)",,,18,0.1865,0.3299,0.9993,0.4816,0.0001,295
295,"(10,15)",[T],,670,0.1506,0.4000,0.9993,0.3980,0.0001,296
296,"(10,16)",[T],,355,0.1607,0.5150,0.9993,0.2882,0.0001,297
297,"(10,17)",,,763,0.1429,0.4857,0.9993,0.3137,0.0001,298
298,"(10,18)",,,410,0.1590,0.3882,0.9993,0.4109,0.0001,299
299,"(10,19)",,,115,0.1694,0.3073,0.9993,0.5125,0.0001,300
300,"(10,20)",,,419,0.1588,0.3648,0.9993,0.4379,0.0001,301
301,"(10,21)",,,97,0.1702,0.2979,0.9993,0.5260,0.0001,302
302,"(10,22)",,,144,0.1677,0.4497,0.9993,0.3471,0.0001,303
303,"(10,23)",,,399,0.1593,0.2286,0.9993,0.6410,0.0001,304
304,"(10,24)",,,11,0.2168,0.4687,0.9993,0.3291,0.0001,305
305,"(10,25)",,,129,0.1686,0.5824,0.9993,0.2348,0.0001,306
306,"(10,26)",,,512,0.1559,0.2663,0.9993,0.5746,0.0001,307
307,"(10,27)",,,438,0.1584,0.4411,0.9993,0.3554,0.0001,308
308,"(11,0)",,,514,0.1559,0.3831,0.9993,0.4167,0.0001,309
309,"(11,1)",,,108,0.1697,0.5017,0.9993,0.2995,0.0001,310
310,"(11,2)",,,98,0.1702,0.2740,0.9993,0.5623,0.0001,311
311,"(11,3)",,,167,0.1667,0.4026,0.9993,0.3951,0.0001,312
312,"(11,4)",,,56,0.1745,0.5117,0.9993,0.2910,0.0001,313
313,"(11,5)",,,362,0.1605,0.3381,0.9993,0.4710,0.0001,314
314,"(11,6)",,,674,0.1504,0.2509,0.9993,0.6005,0.0001,315
315,"(11,7)",,,517,0.1558,0.3068,0.9993,0.5131,0.0001,316
316,"(11,8)",,,423,0.1588,0.3831,0.9993,0.4167,0.0001,317
317,"(11,9)",[T],,664,0.1508,0.3281,0.9993,0.4840,0.0001,318
318,"(11,10)",[T],,215,0.1648,0.4501,0.9993,0.3466,0.0001,319
319,"(11,11)",[T],,166,0.1667,0.4716,0.9993,0.3264,0.0001,320
320,"(11,12)",,,675,0.1503,0.3946,0.9993,0.4039,0.0001,321
321,"(11,13)",,,560,0.1548,0.4577,0.9993,0.3394,0.0001,322
322,"(11,14)",[T],,584,0.1538,0.5753,0.9993,0.2401,0.0001,323
323,"(11,15)",[T],,639,0.1518,0.3862,0.9993,0.4132,0.0001,324
324,"(11,16)",,,263,0.1633,0.5541,0.9993,0.2564,0.0001,325
325,"(11,17)",,,267,0.1633,0.4940,0.9993,0.3063,0.0001,326
326,"(11,18)",,,463,0.1578,0.4791,0.9993,0.3196,0.0001,327
327,"(11,19)",,,462,0.1578,0.5885,0.9993,0.2302,0.0001,328
328,"(11,20)",,,323,0.1614,0.2533,0.9993,0.5964,0.0001,329
329,"(11,21)",,,61,0.1735,0.3439,0.9993,0.4635,0.0001,330
330,"(11,22)",,,202,0.1653,0.6388,0.9993,0.1946,0.0001,331
331,"(11,23)",,,16,0.1935,0.3582,0.9993,0.4459,0.0001,332
332,"(11,24)",,,466,0.1576,0.4159,0.9993,0.3810,0.0001,333
333,"(11,25)",,,135,0.1684,0.4228,0.9993,0.3738,0.0001,334
334,"(11,26)",,,613,0.1528,0.4818,0.9993,0.3171,0.0001,335
335,"(11,27)",,,699,0.1494,0.5449,0.9993,0.2637,0.0001,336
336,"(12,0)",,,169,0.1666,0.5034,0.9993,0.2981,0.0001,337
337,"(12,1)",,,390,0.1594,0.3228,0.9993,0.4911,0.0001,338
338,"(12,2)",,,428,0.1587,0.4144,0.9993,0.3826,0.0001,339
339,"(12,3)",,,24,0.1815,0.6415,0.9993,0.1928,0.0001,340
340,"(12,4)",,,522,0.1557,0.3647,0.9993,0.4380,0.0001,341
341,"(12,5)",,,130,0.1686,0.6648,0.9993,0.1773,0.0001,342
342,"(12,6)",,,447,0.1582,0.5974,0.9993,0.2238,0.0001,343
343,"(12,7)",,,604,0.1531,0.2949,0.9993,0.5304,0.0001,344
344,"(12,8)",,,729,0.1477,0.4678,0.9993,0.3300,0.0001,345
345,"(12,9)",,,434,0.1585,0.4485,0.9993,0.3482,0.0001,346
346,"(12,10)",,,204,0.1652,0.3481,0.9993,0.4583,0.0001,347
347,"(12,11)",,,96,0.1703,0.5021,0.9993,0.2992,0.0001,348
348,"(12,12)",,,724,0.1481,0.7334,0.9993,0.1347,0.0001,349
349,"(12,13)",,,290,0.1626,0.6459,0.9993,0.1898,0.0001,350
350,"(12,14)",[T],,347,0.1608,0.5217,0.9993,0.2826,0.0001,351
351,"(12,15)",,,539,0.1554,0.3679,0.9993,0.4343,0.0001,352
352,"(12,16)",,,753,0.1442,0.7004,0.9993,0.1547,0.0001,353
353,"(12,17)",,,585,0.1537,0.4516,0.9993,0.3452,0.0001,354
354,"(12,18)",,,313,0.1616,0.3890,0.9993,0.4100,0.0001,355
355,"(12,19)",,,112,0.1696,0.3976,0.9993,0.4006,0.0001,356
356,"(12,20)",,,238,0.1641,0.2310,0.9993,0.6363,0.0001,357
357,"(12,21)",,,467,0.1576,0.3246,0.9993,0.4887,0.0001,358
358,"(12,22)",,,684,0.1500,0.5807,0.9993,0.2360,0.0001,359
359,"(12,23)",,,199,0.1655,0.2939,0.9993,0.5318,0.0001,360
360,"(12,24)",,,217,0.1647,0.3219,0.9993,0.4923,0.0001,361
361,"(12,25)",,,458,0.1579,0.6408,0.9993,0.1933,0.0001,362
362,"(12,26)",,,177,0.1662,0.4694,0.9993,0.3285,0.0001,363
363,"(12,27)",,,395,0.1593,0.6013,0.9993,0.2209,0.0001,364
364,"(13,0)",,,477,0.1571,0.3217,0.9993,0.4926,0.0001,365
365,"(13,1)",,,299,0.1621,0.6217,0.9993,0.2064,0.0001,366
366,"(13,2)",,,279,0.1629,0.7155,0.9993,0.1454,0.0001,367
367,"(13,3)",,,79,0.1714,0.4013,0.9993,0.3965,0.0001,368
368,"(13,4)",,,241,0.1640,0.5376,0.9993,0.2696,0.0001,369
369,"(13,5)",,,194,0.1657,0.5592,0.9993,0.2524,0.0001,370
370,"(13,6)",,,424,0.1588,0.4415,0.9993,0.3551,0.0001,371
371,"(13,7)",,,132,0.1685,0.5006,0.9993,0.3005,0.0001,372
372,"(13,8)",,,497,0.1565,0.4750,0.9993,0.3233,0.0001,373
373,"(13,9)",,,481,0.1569,0.4597,0.9993,0.3375,0.0001,374
374,"(13,10)",,,168,0.1666,0.7484,0.9993,0.1259,0.0001,375
375,"(13,11)",,,15,0.1987,0.5517,0.9993,0.2583,0.0001,376
376,"(13,12)",,,407,0.1591,0.4887,0.9993,0.3110,0.0001,377
377,"(13,13)",,,301,0.1621,0.6019,0.9993,0.2204,0.0001,378
378,"(13,14)",,,760,0.1433,0.4994,0.9993,0.3016,0.0001,379
379,"(13,15)",,,415,0.1589,0.4760,0.9993,0.3224,0.0001,380
380,"(13,16)",,,445,0.1582,0.4576,0.9993,0.3395,0.0001,381
381,"(13,17)",,,196,0.1656,0.5294,0.9993,0.2762,0.0001,382
382,"(13,18)",,,576,0.1541,0.4829,0.9993,0.3161,0.0001,383
383,"(13,19)",,,21,0.1836,0.4706,0.9993,0.3273,0.0001,384
384,"(13,20)",,,161,0.1669,0.3868,0.9993,0.4125,0.0001,385
385,"(13,21)",,,353,0.1607,0.4297,0.9993,0.3668,0.0001,386
386,"(13,22)",,,590,0.1536,0.4511,0.9993,0.3457,0.0001,387
387,"(13,23)",,,657,0.1512,0.4832,0.9993,0.3159,0.0001,388
388,"(13,24)",,,54,0.1746,0.3950,0.9993,0.4034,0.0001,389
389,"(13,25)",,,761,0.1433,0.6353,0.9993,0.1970,0.0001,390
390,"(13,26)",,,228,0.1644,0.4422,0.9993,0.3543,0.0001,391
391,"(13,27)",,,441,0.1583,0.5879,0.9993,0.2307,0.0001,392
392,"(14,0)",,,620,0.1525,0.5932,0.9993,0.2268,0.0001,393
393,"(14,1)",,,644,0.1518,0.6699,0.9993,0.1740,0.0001,394
394,"(14,2)",,,247,0.1638,0.4272,0.9993,0.3693,0.0001,395
395,"(14,3)",,,772,0.1406,0.4360,0.9993,0.3606,0.0001,396
396,"(14,4)",,,66,0.1731,0.3090,0.9993,0.5100,0.0001,397
397,"(14,5)",,,770,0.1414,0.4461,0.9993,0.3506,0.0001,398
398,"(14,6)",,,614,0.1528,0.5742,0.9993,0.2409,0.0001,399
399,"(14,7)",,,547,0.1552,0.4335,0.9993,0.3630,0.0001,400
400,"(14,8)",,,311,0.1617,0.8147,0.9993,0.0890,0.0001,401
401,"(14,9)",,,176,0.1664,0.6022,0.9993,0.2203,0.0001,402
402,"(14,10)",,,39,0.1774,0.4892,0.9993,0.3106,0.0001,403
403,"(14,11)",,,12,0.2105,0.6548,0.9993,0.1839,0.0001,404
404,"(14,12)",,,751,0.1447,0.6070,0.9993,0.2168,0.0001,405
405,"(14,13)",,,777,0.1387,0.8287,0.9993,0.0816,0.0001,406
406,"(14,14)",,,266,0.1633,0.5694,0.9993,0.2445,0.0001,407
407,"(14,15)",,,776,0.1389,0.8654,0.9993,0.0628,0.0001,408
408,"(14,16)",,,91,0.1706,0.4912,0.9993,0.3088,0.0001,409
409,"(14,17)",,,222,0.1646,0.6645,0.9993,0.1775,0.0001,410
410,"(14,18)",,,612,0.1529,0.5198,0.9993,0.2842,0.0001,411
411,"(14,19)",,,448,0.1582,0.5770,0.9993,0.2388,0.0001,412
412,"(14,20)",,,552,0.1550,0.6742,0.9993,0.1712,0.0001,413
413,"(14,21)",,,690,0.1497,0.7826,0.9993,0.1064,0.0001,414
414,"(14,22)",,,500,0.1565,0.5788,0.9993,0.2375,0.0001,415
415,"(14,23)",,,330,0.1613,0.5174,0.9993,0.2861,0.0001,416
416,"(14,24)",,,516,0.1558,0.6599,0.9993,0.1805,0.0001,417
417,"(14,25)",,,723,0.1481,0.3887,0.9993,0.4104,0.0001,418
418,"(14,26)",,,20,0.1854,0.5076,0.9993,0.2945,0.0001,419
419,"(14,27)",,,221,0.1646,0.6033,0.9993,0.2195,0.0001,420
420,"(15,0)",,,23,0.1825,0.6712,0.9993,0.1731,0.0001,421
421,"(15,1)",,,210,0.1649,0.3704,0.9993,0.4314,0.0001,422
422,"(15,2)",,,414,0.1589,0.6940,0.9993,0.1587,0.0001,423
423,"(15,3)",,,300,0.1621,0.3682,0.9993,0.4339,0.0001,424
424,"(15,4)",,,28,0.1802,0.5699,0.9993,0.2442,0.0001,425
425,"(15,5)",,,398,0.1593,0.2855,0.9993,0.5443,0.0001,426
426,"(15,6)",,,131,0.1685,0.5189,0.9993,0.2849,0.0001,427
427,"(15,7)",,,616,0.1528,0.5586,0.9993,0.2529,0.0001,428
428,"(15,8)",,,312,0.1616,0.5340,0.9993,0.2725,0.0001,429
429,"(15,9)",,,506,0.1563,0.2750,0.9993,0.5606,0.0001,430
430,"(15,10)",,,95,0.1704,0.4220,0.9993,0.3747,0.0001,431
431,"(15,11)",,,405,0.1591,0.5914,0.9993,0.2281,0.0001,432
432,"(15,12)",[T],,736,0.1466,0.5086,0.9993,0.2936,0.0001,433
433,"(15,13)",[T],,50,0.1754,0.7828,0.9993,0.1063,0.0001,434
434,"(15,14)",[T],,433,0.1586,0.4126,0.9993,0.3845,0.0001,435
435,"(15,15)",[T],,626,0.1523,0.6659,0.9993,0.1766,0.0001,436
436,"(15,16)",,,778,0.1383,0.3816,0.9993,0.4184,0.0001,437
437,"(15,17)",,,71,0.1722,0.6518,0.9993,0.1859,0.0001,438
438,"(15,18)",[T],,782,0.1372,0.5555,0.9993,0.2553,0.0001,439
439,"(15,19)",[T],,157,0.1671,0.4346,0.9993,0.3619,0.0001,440
440,"(15,20)",,,149,0.1675,0.4344,0.9993,0.3621,0.0001,441
441,"(15,21)",,,479,0.1570,0.5319,0.9993,0.2742,0.0001,442
442,"(15,22)",,,240,0.1640,0.4571,0.9993,0.3400,0.0001,443
443,"(15,23)",,,250,0.1638,0.7931,0.9993,0.1007,0.0001,444
444,"(15,24)",,,632,0.1520,0.5670,0.9993,0.2464,0.0001,445
445,"(15,25)",,,333,0.1612,0.5394,0.9993,0.2681,0.0001,446
446,"(15,26)",,,648,0.1516,0.5936,0.9993,0.2265,0.0001,447
447,"(15,27)",,,633,0.1520,0.4427,0.9993,0.3539,0.0001,448
448,"(16,0)",,,565,0.1547,0.4551,0.9993,0.3419,0.0001,449
449,"(16,1)",,,666,0.1507,0.5725,0.9993,0.2422,0.0001,450
450,"(16,2)",,,511,0.1559,0.3638,0.9993,0.4392,0.0001,451
451,"(16,3)",,,679,0.1502,0.6143,0.9993,0.2116,0.0001,452
452,"(16,4)",,,743,0.1460,0.5386,0.9993,0.2688,0.0001,453
453,"(16,5)",,,375,0.1600,0.5990,0.9993,0.2225,0.0001,454
454,"(16,6)",,,207,0.1651,0.6953,0.9993,0.1578,0.0001,455
455,"(16,7)",,,559,0.1548,0.7614,0.9993,0.1184,0.0001,456
456,"(16,8)",,,165,0.1668,0.6825,0.9993,0.1659,0.0001,457
457,"(16,9)",,,437,0.1584,0.6816,0.9993,0.1665,0.0001,458
458,"(16,10)",,,545,0.1552,0.5659,0.9993,0.2473,0.0001,459
459,"(16,11)",[T],,686,0.1498,0.6734,0.9993,0.1717,0.0001,460
460,"(16,12)",[T],,322,0.1614,0.5321,0.9993,0.2740,0.0001,461
461,"(16,13)",[T],,232,0.1642,0.3791,0.9993,0.4212,0.0001,462
462,"(16,14)",[T],,326,0.1613,0.7216,0.9993,0.1417,0.0001,463
463,"(16,15)",[T],,530,0.1555,0.4515,0.9993,0.3453,0.0001,464
464,"(16,16)",,,540,0.1554,0.6522,0.9993,0.1856,0.0001,465
465,"(16,17)",,,154,0.1673,0.3489,0.9993,0.4573,0.0001,466
466,"(16,18)",[T],,571,0.1542,0.6754,0.9993,0.1704,0.0001,467
467,"(16,19)",[T],,429,0.1587,0.6370,0.9993,0.1958,0.0001,468
468,"(16,20)",,,162,0.1669,0.6000,0.9993,0.2218,0.0000,469
469,"(16,21)",,,485,0.1568,0.6224,0.9993,0.2059,0.0000,470
470,"(16,22)",,,57,0.1744,0.4919,0.9993,0.3081,0.0000,471
471,"(16,23)",,,681,0.1501,0.7607,0.9993,0.1188,0.0000,472
472,"(16,24)",,,579,0.1541,0.6348,0.9993,0.1974,0.0000,473
473,"(16,25)",,,284,0.1628,0.5015,0.9993,0.2997,0.0000,474
474,"(16,26)",,,137,0.1681,0.6070,0.9993,0.2168,0.0000,475
475,"(16,27)",,,339,0.1610,0.7457,0.9993,0.1274,0.0000,476
476,"(17,0)",,,317,0.1615,0.8266,0.9993,0.0827,0.0000,477
477,"(17,1)",,,504,0.1564,0.6117,0.9993,0.2135,0.0000,478
478,"(17,2)",,,4,0.2605,0.6058,0.9993,0.2177,0.0000,479
479,"(17,3)",,,41,0.1770,0.6690,0.9993,0.1746,0.0000,480
480,"(17,4)",,,102,0.1699,0.6548,0.9993,0.1839,0.0000,481
481,"(17,5)",,,637,0.1519,0.7371,0.9993,0.1324,0.0000,482
482,"(17,6)",,,534,0.1555,0.7083,0.9993,0.1498,0.0000,483
483,"(17,7)",,,427,0.1587,0.6254,0.9993,0.2039,0.0000,484
484,"(17,8)",,,435,0.1585,0.6579,0.9993,0.1818,0.0000,485
485,"(17,9)",,,450,0.1582,0.7288,0.9993,0.1374,0.0000,486
486,"(17,10)",[T],,316,0.1616,0.4598,0.9993,0.3374,0.0000,487
487,"(17,11)",[T],,314,0.1616,0.6741,0.9993,0.1713,0.0000,488
488,"(17,12)",[T],,595,0.1535,0.7113,0.9993,0.1480,0.0000,489
489,"(17,13)",[T],,298,0.1621,0.7866,0.9993,0.1042,0.0000,490
490,"(17,14)",[T],,264,0.1633,0.8208,0.9993,0.0858,0.0000,491
491,"(17,15)",[T],,342,0.1609,0.9010,0.9993,0.0453,0.0000,492
492,"(17,16)",,,214,0.1648,0.8458,0.9993,0.0727,0.0000,493
493,"(17,17)",,,8,0.2224,0.7726,0.9993,0.1121,0.0000,494
494,"(17,18)",[T],,336,0.1610,0.4206,0.9993,0.3761,0.0000,495
495,"(17,19)",[T],,288,0.1627,0.6515,0.9993,0.1861,0.0000,496
496,"(17,20)",,,291,0.1626,0.7238,0.9993,0.1404,0.0000,497
497,"(17,21)",,,535,0.1554,0.7689,0.9993,0.1141,0.0000,498
498,"(17,22)",,,643,0.1518,0.7664,0.9993,0.1155,0.0000,499
499,"(17,23)",,,746,0.1453,0.7539,0.9993,0.1227,0.0000,500
500,"(17,24)",,,394,0.1593,0.7289,0.9993,0.1373,0.0000,501
501,"(17,25)",,,236,0.1641,0.6711,0.9993,0.1732,0.0000,502
502,"(17,26)",,,692,0.1497,0.8637,0.9993,0.0637,0.0000,503
503,"(17,27)",,,655,0.1514,0.7447,0.9993,0.1280,0.0000,504
504,"(18,0)",,,646,0.1517,0.5814,0.9993,0.2355,0.0000,505
505,"(18,1)",,,748,0.1453,0.6083,0.9993,0.2159,0.0000,506
506,"(18,2)",,,532,0.1555,0.7570,0.9993,0.1209,0.0000,507
507,"(18,3)",,,325,0.1614,0.8159,0.9993,0.0884,0.0000,508
508,"(18,4)",,,366,0.1603,0.6497,0.9993,0.1873,0.0000,509
509,"(18,5)",,,118,0.1692,0.6869,0.9993,0.1631,0.0000,510
510,"(18,6)",,,387,0.1596,0.7913,0.9993,0.1016,0.0000,511
511,"(18,7)",,,716,0.1488,0.5184,0.9993,0.2853,0.0000,512
512,"(18,8)",,,443,0.1583,0.6787,0.9993,0.1683,0.0000,513
513,"(18,9)",[T],,475,0.1572,0.7810,0.9993,0.1074,0.0000,514
514,"(18,10)",[T],,734,0.1472,0.7737,0.9993,0.1114,0.0000,515
515,"(18,11)",[T],,494,0.1566,0.7605,0.9993,0.1189,0.0000,516
516,"(18,12)",[T],,749,0.1452,0.8612,0.9993,0.0649,0.0000,517
517,"(18,13)",[T],,219,0.1647,0.5587,0.9993,0.2528,0.0000,518
518,"(18,14)",[T],,700,0.1494,0.7694,0.9993,0.1139,0.0000,519
519,"(18,15)",,,6,0.2322,0.7985,0.9993,0.0977,0.0000,520
520,"(18,16)",,,767,0.1421,0.4878,0.9993,0.3118,0.0000,521
521,"(18,17)",,,694,0.1495,0.6742,0.9993,0.1712,0.0000,522
522,"(18,18)",,,752,0.1445,0.7736,0.9993,0.1115,0.0000,523
523,"(18,19)",[T],,768,0.1418,0.6072,0.9993,0.2166,0.0000,524
524,"(18,20)",,,737,0.1465,0.7909,0.9993,0.1019,0.0000,525
525,"(18,21)",,,126,0.1686,0.5737,0.9993,0.2413,0.0000,526
526,"(18,22)",,,318,0.1615,0.6395,0.9993,0.1942,0.0000,527
527,"(18,23)",,,507,0.1563,0.7731,0.9993,0.1117,0.0000,528
528,"(18,24)",,,629,0.1521,0.5253,0.9993,0.2796,0.0000,529
529,"(18,25)",,,104,0.1698,0.7234,0.9993,0.1406,0.0000,530
530,"(18,26)",,,198,0.1655,0.6209,0.9993,0.2070,0.0000,531
531,"(18,27)",,,119,0.1692,0.7616,0.9993,0.1183,0.0000,532
532,"(19,0)",,,324,0.1614,0.8791,0.9993,0.0560,0.0000,533
533,"(19,1)",,,235,0.1641,0.8080,0.9993,0.0926,0.0000,534
534,"(19,2)",,,192,0.1657,0.5714,0.9993,0.2431,0.0000,535
535,"(19,3)",,,572,0.1542,0.7061,0.9993,0.1511,0.0000,536
536,"(19,4)",,,110,0.1696,0.7741,0.9993,0.1112,0.0000,537
537,"(19,5)",,,411,0.1590,0.7652,0.9993,0.1162,0.0000,538
538,"(19,6)",,,133,0.1684,0.6126,0.9993,0.2128,0.0000,539
539,"(19,7)",,,47,0.1757,0.6492,0.9993,0.1877,0.0000,540
540,"(19,8)",,,159,0.1670,0.7134,0.9993,0.1467,0.0000,541
541,"(19,9)",[T],,383,0.1597,0.7535,0.9993,0.1229,0.0000,542
542,"(19,10)",[T],,183,0.1661,0.7800,0.9993,0.1079,0.0000,543
543,"(19,11)",[T],,354,0.1607,0.6748,0.9993,0.1708,0.0000,544
544,"(19,12)",,,742,0.1462,0.8853,0.9993,0.0529,0.0000,545
545,"(19,13)",,,520,0.1557,0.7577,0.9993,0.1205,0.0000,546
546,"(19,14)",,,120,0.1691,0.5900,0.9993,0.2292,0.0000,547
547,"(19,15)",,,704,0.1492,0.6803,0.9993,0.1673,0.0000,548
548,"(19,16)",,,348,0.1608,0.7099,0.9993,0.1488,0.0000,549
549,"(19,17)",,,143,0.1678,0.7407,0.9993,0.1304,0.0000,550
550,"(19,18)",,,771,0.1413,0.6080,0.9993,0.2161,0.0000,551
551,"(19,19)",,,685,0.1498,0.5265,0.9993,0.2786,0.0000,552
552,"(19,20)",,,451,0.1582,0.7473,0.9993,0.1265,0.0000,553
553,"(19,21)",,,652,0.1516,0.7921,0.9993,0.1012,0.0000,554
554,"(19,22)",,,184,0.1660,0.7373,0.9993,0.1323,0.0000,555
555,"(19,23)",,,502,0.1564,0.7374,0.9993,0.1323,0.0000,556
556,"(19,24)",,,446,0.1582,0.7228,0.9993,0.1410,0.0000,557
557,"(19,25)",,,52,0.1753,0.8464,0.9993,0.0724,0.0000,558
558,"(19,26)",,,369,0.1602,0.8442,0.9993,0.0736,0.0000,559
559,"(19,27)",,,417,0.1589,0.8643,0.9993,0.0633,0.0000,560
560,"(20,0)",,,566,0.1546,0.6692,0.9993,0.1744,0.0000,561
561,"(20,1)",,,640,0.1518,0.7732,0.9993,0.1117,0.0000,562
562,"(20,2)",,,34,0.1783,0.8412,0.9993,0.0751,0.0000,563
563,"(20,3)",,,384,0.1597,0.8187,0.9993,0.0869,0.0000,564
564,"(20,4)",,,653,0.1515,0.6505,0.9993,0.1867,0.0000,565
565,"(20,5)",,,521,0.1557,0.7832,0.9993,0.1061,0.0000,566
566,"(20,6)",,,141,0.1678,0.6012,0.9993,0.2210,0.0000,567
567,"(20,7)",,,774,0.1404,0.7798,0.9993,0.1080,0.0000,568
568,"(20,8)",,,218,0.1647,0.6952,0.9993,0.1579,0.0000,569
569,"(20,9)",,,695,0.1495,0.8567,0.9993,0.0672,0.0000,570
570,"(20,10)",,,88,0.1707,0.8188,0.9993,0.0868,0.0000,571
571,"(20,11)",,,315,0.1616,0.6918,0.9993,0.1600,0.0000,572
572,"(20,12)",,,550,0.1551,0.8141,0.9993,0.0893,0.0000,573
573,"(20,13)",,,615,0.1528,0.7480,0.9993,0.1261,0.0000,574
574,"(20,14)",,,510,0.1560,0.7426,0.9993,0.1292,0.0000,575
575,"(20,15)",,,456,0.1580,0.8291,0.9993,0.0814,0.0000,576
576,"(20,16)",,,406,0.1591,0.8175,0.9993,0.0875,0.0000,577
577,"(20,17)",,,486,0.1568,0.6801,0.9993,0.1674,0.0000,578
578,"(20,18)",,,171,0.1666,0.8403,0.9993,0.0756,0.0000,579
579,"(20,19)",,,156,0.1671,0.8161,0.9993,0.0882,0.0000,580
580,"(20,20)",,,224,0.1645,0.7844,0.9993,0.1055,0.0000,581
581,"(20,21)",,,239,0.1641,0.7730,0.9993,0.1118,0.0000,582
582,"(20,22)",,,683,0.1501,0.7527,0.9993,0.1234,0.0000,583
583,"(20,23)",,,147,0.1675,0.7566,0.9993,0.1211,0.0000,584
584,"(20,24)",,,203,0.1653,0.7011,0.9993,0.1542,0.0000,585
585,"(20,25)",,,436,0.1585,0.8527,0.9993,0.0692,0.0000,586
586,"(20,26)",,,755,0.1439,0.8364,0.9993,0.0776,0.0000,587
587,"(20,27)",,,471,0.1575,0.6639,0.9993,0.1779,0.0000,588
588,"(21,0)",,,693,0.1496,0.7459,0.9993,0.1273,0.0000,589
589,"(21,1)",,,80,0.1714,0.7583,0.9993,0.1202,0.0000,590
590,"(21,2)",,,600,0.1532,0.8349,0.9993,0.0783,0.0000,591
591,"(21,3)",,,609,0.1529,0.6949,0.9993,0.1581,0.0000,592
592,"(21,4)",,,460,0.1579,0.7848,0.9993,0.1052,0.0000,593
593,"(21,5)",,,567,0.1544,0.8265,0.9993,0.0828,0.0000,594
594,"(21,6)",,,431,0.1586,0.8465,0.9993,0.0724,0.0000,595
595,"(21,7)",,,715,0.1488,0.6238,0.9993,0.2049,0.0000,596
596,"(21,8)",,,225,0.1645,0.8912,0.9993,0.0500,0.0000,597
597,"(21,9)",,,297,0.1622,0.7688,0.9993,0.1142,0.0000,598
598,"(21,10)",,,114,0.1695,0.8748,0.9993,0.0581,0.0000,599
599,"(21,11)",,,587,0.1537,0.6940,0.9993,0.1587,0.0000,600
600,"(21,12)",,,302,0.1621,0.7550,0.9993,0.1221,0.0000,601
601,"(21,13)",,,216,0.1647,0.8704,0.9993,0.0603,0.0000,602
602,"(21,14)",,,496,0.1565,0.8263,0.9993,0.0829,0.0000,603
603,"(21,15)",,,27,0.1803,0.7063,0.9993,0.1510,0.0000,604
604,"(21,16)",,,346,0.1608,0.9093,0.9993,0.0413,0.0000,605
605,"(21,17)",,,338,0.1610,0.9139,0.9993,0.0391,0.0000,606
606,"(21,18)",,,747,0.1453,0.8321,0.9993,0.0799,0.0000,607
607,"(21,19)",,,598,0.1534,0.7872,0.9993,0.1039,0.0000,608
608,"(21,20)",,,594,0.1535,0.8178,0.9993,0.0874,0.0000,609
609,"(21,21)",,,631,0.1520,0.7800,0.9993,0.1079,0.0000,610
610,"(21,22)",,,396,0.1593,0.7480,0.9993,0.1261,0.0000,611
611,"(21,23)",,,190,0.1657,0.7797,0.9993,0.1081,0.0000,612
612,"(21,24)",,,76,0.1719,0.7336,0.9993,0.1346,0.0000,613
613,"(21,25)",,,364,0.1604,0.8448,0.9993,0.0732,0.0000,614
614,"(21,26)",,,577,0.1541,0.8414,0.9993,0.0750,0.0000,615
615,"(21,27)",,,116,0.1693,0.8107,0.9993,0.0911,0.0000,616
616,"(22,0)",,,599,0.1533,0.6425,0.9993,0.1921,0.0000,617
617,"(22,1)",,,175,0.1664,0.6867,0.9993,0.1632,0.0000,618
618,"(22,2)",,,170,0.1666,0.7760,0.9993,0.1101,0.0000,619
619,"(22,3)",,,13,0.2013,0.9038,0.9993,0.0439,0.0000,620
620,"(22,4)",,,253,0.1636,0.9132,0.9993,0.0394,0.0000,621
621,"(22,5)",,,728,0.1477,0.6820,0.9993,0.1662,0.0000,622
622,"(22,6)",,,691,0.1497,0.6592,0.9993,0.1810,0.0000,623
623,"(22,7)",,,256,0.1636,0.8256,0.9993,0.0832,0.0000,624
624,"(22,8)",,,393,0.1594,0.8356,0.9993,0.0780,0.0000,625
625,"(22,9)",,,561,0.1547,0.7598,0.9993,0.1193,0.0000,626
626,"(22,10)",,,569,0.1543,0.7215,0.9993,0.1417,0.0000,627
627,"(22,11)",,,117,0.1693,0.8079,0.9993,0.0926,0.0000,628
628,"(22,12)",,,439,0.1584,0.8547,0.9993,0.0682,0.0000,629
629,"(22,13)",,,781,0.1373,0.8432,0.9993,0.0741,0.0000,630
630,"(22,14)",,,233,0.1642,0.7257,0.9993,0.1392,0.0000,631
631,"(22,15)",,,62,0.1734,0.8157,0.9993,0.0885,0.0000,632
632,"(22,16)",,,759,0.1435,0.8556,0.9993,0.0677,0.0000,633
633,"(22,17)",,,332,0.1612,0.8714,0.9993,0.0598,0.0000,634
634,"(22,18)",,,499,0.1565,0.7750,0.9993,0.1107,0.0000,635
635,"(22,19)",,,524,0.1556,0.8385,0.9993,0.0765,0.0000,636
636,"(22,20)",,,421,0.1588,0.9082,0.9993,0.0418,0.0000,637
637,"(22,21)",,,45,0.1761,0.7977,0.9993,0.0981,0.0000,638
638,"(22,22)",,,687,0.1498,0.8179,0.9993,0.0873,0.0000,639
639,"(22,23)",,,70,0.1726,0.8424,0.9993,0.0745,0.0000,640
640,"(22,24)",,,635,0.1519,0.8225,0.9993,0.0848,0.0000,641
641,"(22,25)",,,306,0.1619,0.6517,0.9993,0.1860,0.0000,642
642,"(22,26)",,,671,0.1506,0.8616,0.9993,0.0647,0.0000,643
643,"(22,27)",,,188,0.1658,0.7488,0.9993,0.1256,0.0000,644
644,"(23,0)",,,619,0.1525,0.7972,0.9993,0.0984,0.0000,645
645,"(23,1)",,,509,0.1562,0.7467,0.9993,0.1268,0.0000,646
646,"(23,2)",,,489,0.1568,0.8423,0.9993,0.0745,0.0000,647
647,"(23,3)",,,688,0.1498,0.8389,0.9993,0.0763,0.0000,648
648,"(23,4)",,,105,0.1698,0.9020,0.9993,0.0448,0.0000,649
649,"(23,5)",,,727,0.1478,0.8925,0.9993,0.0494,0.0000,650
650,"(23,6)",,,7,0.2276,0.8241,0.9993,0.0840,0.0000,651
651,"(23,7)",,,529,0.1555,0.6853,0.9993,0.1641,0.0000,652
652,"(23,8)",,,242,0.1640,0.9228,0.9993,0.0349,0.0000,653
653,"(23,9)",,,84,0.1708,0.8793,0.9993,0.0558,0.0000,654
654,"(23,10)",,,1,0.6793,0.8559,0.9993,0.0676,0.0000,655
655,"(23,11)",,,35,0.1781,0.8017,0.9993,0.0960,0.0000,656
656,"(23,12)",,,680,0.1502,0.7390,0.9993,0.1314,0.0000,657
657,"(23,13)",,,174,0.1665,0.9054,0.9993,0.0431,0.0000,658
658,"(23,14)",,,563,0.1547,0.6995,0.9993,0.1552,0.0000,659
659,"(23,15)",,,180,0.1661,0.8592,0.9993,0.0659,0.0000,660
660,"(23,16)",,,453,0.1581,0.8427,0.9993,0.0743,0.0000,661
661,"(23,17)",,,19,0.1861,0.8010,0.9993,0.0964,0.0000,662
662,"(23,18)",,,472,0.1574,0.8972,0.9993,0.0471,0.0000,663
663,"(23,19)",,,63,0.1733,0.7734,0.9993,0.1116,0.0000,664
664,"(23,20)",,,3,0.2807,0.9484,0.9993,0.0230,0.0000,665
665,"(23,21)",,,562,0.1547,0.8588,0.9993,0.0661,0.0000,666
666,"(23,22)",,,74,0.1721,0.8511,0.9993,0.0700,0.0000,667
667,"(23,23)",,,484,0.1568,0.7545,0.9993,0.1224,0.0000,668
668,"(23,24)",,,328,0.1613,0.9287,0.9993,0.0321,0.0000,669
669,"(23,25)",,,257,0.1635,0.8720,0.9993,0.0595,0.0000,670
670,"(23,26)",,,237,0.1641,0.8930,0.9993,0.0492,0.0000,671
671,"(23,27)",,,275,0.1631,0.8535,0.9993,0.0688,0.0000,672
672,"(24,0)",,,703,0.1492,0.8380,0.9993,0.0767,0.0000,673
673,"(24,1)",,,618,0.1525,0.8126,0.9993,0.0901,0.0000,674
674,"(24,2)",,,708,0.1491,0.9071,0.9993,0.0424,0.0000,675
675,"(24,3)",,,99,0.1701,0.9097,0.9993,0.0411,0.0000,676
676,"(24,4)",,,82,0.1711,0.9356,0.9993,0.0289,0.0000,677
677,"(24,5)",,,537,0.1554,0.9394,0.9993,0.0272,0.0000,678
678,"(24,6)",,,400,0.1592,0.7607,0.9993,0.1188,0.0000,679
679,"(24,7)",,,583,0.1538,0.8171,0.9993,0.0877,0.0000,680
680,"(24,8)",,,505,0.1563,0.9346,0.9993,0.0294,0.0000,681
681,"(24,9)",,,72,0.1721,0.8227,0.9993,0.0848,0.0000,682
682,"(24,10)",,,2,0.6472,0.8480,0.9993,0.0716,0.0000,683
683,"(24,11)",,,124,0.1689,0.8782,0.9993,0.0564,0.0000,684
684,"(24,12)",,,611,0.1529,0.8965,0.9993,0.0475,0.0000,685
685,"(24,13)",,,780,0.1375,0.9171,0.9993,0.0376,0.0000,686
686,"(24,14)",,,211,0.1649,0.9195,0.9993,0.0364,0.0000,687
687,"(24,15)",,,382,0.1597,0.8310,0.9993,0.0804,0.0000,688
688,"(24,16)",,,29,0.1799,0.9468,0.9993,0.0238,0.0000,689
689,"(24,17)",,,17,0.1875,0.9346,0.9993,0.0294,0.0000,690
690,"(24,18)",,,541,0.1553,0.9705,0.9993,0.0130,0.0000,691
691,"(24,19)",,,213,0.1648,0.8813,0.9993,0.0549,0.0000,692
692,"(24,20)",,,36,0.1779,0.9521,0.9993,0.0213,0.0000,693
693,"(24,21)",,,667,0.1507,0.9070,0.9993,0.0424,0.0000,694
694,"(24,22)",,,418,0.1589,0.9792,0.9993,0.0091,0.0000,695
695,"(24,23)",,,101,0.1700,0.8847,0.9993,0.0532,0.0000,696
696,"(24,24)",,,391,0.1594,0.8820,0.9993,0.0545,0.0000,697
697,"(24,25)",,,123,0.1689,0.9072,0.9993,0.0423,0.0000,698
698,"(24,26)",,,150,0.1675,0.9187,0.9993,0.0368,0.0000,699
699,"(24,27)",,,378,0.1598,0.8847,0.9993,0.0532,0.0000,700
700,"(25,0)",,,69,0.1726,0.8777,0.9993,0.0567,0.0000,701
701,"(25,1)",,,254,0.1636,0.7022,0.9993,0.1535,0.0000,702
702,"(25,2)",,,717,0.1487,0.8467,0.9993,0.0723,0.0000,703
703,"(25,3)",,,673,0.1504,0.9459,0.9993,0.0242,0.0000,704
704,"(25,4)",,,64,0.1733,0.9241,0.9993,0.0343,0.0000,705
705,"(25,5)",,,243,0.1640,0.8801,0.9993,0.0555,0.0000,706
706,"(25,6)",,,493,0.1566,0.9363,0.9993,0.0286,0.0000,707
707,"(25,7)",,,26,0.1807,0.9674,0.9993,0.0144,0.0000,708
708,"(25,8)",,,706,0.1492,0.8363,0.9993,0.0777,0.0000,709
709,"(25,9)",,,172,0.1666,0.8930,0.9993,0.0491,0.0000,710
710,"(25,10)",,,90,0.1706,0.8704,0.9993,0.0603,0.0000,711
711,"(25,11)",,,744,0.1459,0.9016,0.9993,0.0450,0.0000,712
712,"(25,12)",,,223,0.1645,0.7711,0.9993,0.1129,0.0000,713
713,"(25,13)",,,111,0.1696,0.9246,0.9993,0.0340,0.0000,714
714,"(25,14)",,,331,0.1612,0.9020,0.9993,0.0448,0.0000,715
715,"(25,15)",,,92,0.1705,0.8702,0.9993,0.0604,0.0000,716
716,"(25,16)",,,697,0.1495,0.8010,0.9993,0.0964,0.0000,717
717,"(25,17)",,,186,0.1660,0.9057,0.9993,0.0430,0.0000,718
718,"(25,18)",,,9,0.2213,0.9356,0.9993,0.0289,0.0000,719
719,"(25,19)",,,676,0.1503,0.9696,0.9993,0.0134,0.0000,720
720,"(25,20)",,,689,0.1498,0.8889,0.9993,0.0511,0.0000,721
721,"(25,21)",,,660,0.1510,0.9520,0.9993,0.0214,0.0000,722
722,"(25,22)",,,334,0.1611,0.8906,0.9993,0.0503,0.0000,723
723,"(25,23)",,,89,0.1707,0.8503,0.9993,0.0704,0.0000,724
724,"(25,24)",,,672,0.1505,0.9498,0.9993,0.0224,0.0000,725
725,"(25,25)",,,503,0.1564,0.7380,0.9993,0.1320,0.0000,726
726,"(25,26)",,,551,0.1550,0.9089,0.9993,0.0415,0.0000,727
727,"(25,27)",,,624,0.1524,0.8958,0.9993,0.0478,0.0000,728
728,"(26,0)",,,661,0.1509,0.6531,0.9993,0.1850,0.0000,729
729,"(26,1)",,,483,0.1568,0.9319,0.9993,0.0306,0.0000,730
730,"(26,2)",,,581,0.1539,0.9549,0.9993,0.0200,0.0000,731
731,"(26,3)",,,554,0.1549,0.8720,0.9993,0.0595,0.0000,732
732,"(26,4)",,,531,0.1555,0.8835,0.9993,0.0538,0.0000,733
733,"(26,5)",,,649,0.1516,0.9810,0.9993,0.0083,0.0000,734
734,"(26,6)",,,527,0.1555,0.7249,0.9993,0.1397,0.0000,735
735,"(26,7)",,,107,0.1697,0.9547,0.9993,0.0201,0.0000,736
736,"(26,8)",,,513,0.1559,0.9654,0.9993,0.0153,0.0000,737
737,"(26,9)",,,677,0.1503,0.9117,0.9993,0.0401,0.0000,738
738,"(26,10)",,,307,0.1618,0.9363,0.9993,0.0286,0.0000,739
739,"(26,11)",,,733,0.1472,0.9222,0.9993,0.0352,0.0000,740
740,"(26,12)",,,48,0.1755,0.9631,0.9993,0.0163,0.0000,741
741,"(26,13)",,,470,0.1575,0.9207,0.9993,0.0359,0.0000,742
742,"(26,14)",,,627,0.1522,0.9329,0.9993,0.0302,0.0000,743
743,"(26,15)",,,401,0.1592,0.9813,0.9993,0.0082,0.0000,744
744,"(26,16)",,,621,0.1524,0.9432,0.9993,0.0254,0.0000,745
745,"(26,17)",,,51,0.1754,0.9145,0.9993,0.0388,0.0000,746
746,"(26,18)",,,381,0.1597,0.9765,0.9993,0.0103,0.0000,747
747,"(26,19)",,,623,0.1524,0.9608,0.9993,0.0174,0.0000,748
748,"(26,20)",,,309,0.1618,0.9636,0.9993,0.0161,0.0000,749
749,"(26,21)",,,582,0.1538,0.9228,0.9993,0.0349,0.0000,750
750,"(26,22)",,,784,0.1334,0.9929,0.9993,0.0031,0.0000,751
751,"(26,23)",,,519,0.1557,0.9813,0.9993,0.0082,0.0000,752
752,"(26,24)",,,271,0.1631,0.9670,0.9993,0.0146,0.0000,753
753,"(26,25)",,,647,0.1517,0.9558,0.9993,0.0196,0.0000,754
754,"(26,26)",,,669,0.1507,0.9581,0.9993,0.0186,0.0000,755
755,"(26,27)",,,607,0.1530,0.9124,0.9993,0.0398,0.0000,756
756,"(27,0)",,,608,0.1530,0.9537,0.9993,0.0206,0.0000,757
757,"(27,1)",,,754,0.1439,0.9773,0.9993,0.0100,0.0000,758
758,"(27,2)",,,160,0.1670,0.9606,0.9993,0.0175,0.0000,759
759,"(27,3)",,,281,0.1628,0.9330,0.9993,0.0301,0.0000,760
760,"(27,4)",,,711,0.1490,0.9247,0.9993,0.0340,0.0000,761
761,"(27,5)",,,374,0.1600,0.9630,0.9993,0.0164,0.0000,762
762,"(27,6)",,,564,0.1547,0.9879,0.9993,0.0053,0.0000,763
763,"(27,7)",,,285,0.1628,0.9914,0.9993,0.0038,0.0000,764
764,"(27,8)",,,86,0.1707,0.9922,0.9993,0.0034,0.0000,765
765,"(27,9)",,,201,0.1654,0.9666,0.9993,0.0148,0.0000,766
766,"(27,10)",,,106,0.1698,0.9560,0.9993,0.0195,0.0000,767
767,"(27,11)",,,558,0.1548,0.9820,0.9993,0.0079,0.0000,768
768,"(27,12)",,,739,0.1464,0.9905,0.9993,0.0041,0.0000,769
769,"(27,13)",,,543,0.1553,0.9913,0.9993,0.0038,0.0000,770
770,"(27,14)",,,536,0.1554,0.9862,0.9993,0.0060,0.0000,771
771,"(27,15)",,,361,0.1605,0.9879,0.9993,0.0053,0.0000,772
772,"(27,16)",,,465,0.1577,0.9908,0.9993,0.0040,0.0000,773
773,"(27,17)",,,722,0.1482,0.9845,0.9993,0.0068,0.0000,774
774,"(27,18)",,,53,0.1750,0.9902,0.9993,0.0043,0.0000,775
775,"(27,19)",,,93,0.1705,0.9918,0.9993,0.0036,0.0000,776
776,"(27,20)",,,343,0.1609,0.9918,0.9993,0.0036,0.0000,777
777,"(27,21)",,,409,0.1590,0.9908,0.9993,0.0040,0.0000,778
778,"(27,22)",,,476,0.1572,0.9920,0.9993,0.0035,0.0000,779
779,"(27,23)",,,43,0.1763,0.9980,0.9993,0.0009,0.0000,780
780,"(27,24)",,,658,0.1512,0.9949,0.9993,0.0022,0.0000,781
781,"(27,25)",,,714,0.1489,0.9993,0.9993,0.0003,0.0000,782
782,"(27,26)",,,244,0.1640,0.9957,0.9993,0.0019,0.0000,783
783,"(27,27)",,,310,0.1618,0.9988,0.9993,0.0005,0.0000,784
